user_id,signup_date,country
1,2025-03-03,FR
2,2024-12-07,UAE
3,2025-05-13,US
4,2025-03-28,MA
5,2024-12-31,US
6,2025-01-06,UAE
7,2025-04-26,SA
8,2024-12-08,SA
9,2024-06-21,FR
10,2025-01-14,SA
11,2025-03-16,MA
12,2025-03-21,US
13,2024-10-10,UAE
14,2024-11-19,UAE
15,2024-07-02,UAE
16,2024-09-07,US
17,2024-05-31,UAE
18,2024-12-16,MA
19,2024-10-10,SA
20,2024-11-04,FR
21,2024-06-12,US
22,2024-08-09,UAE
23,2025-05-12,UAE
24,2025-01-11,US
25,2025-03-24,SA
26,2024-09-10,SA
27,2025-01-24,FR
28,2024-09-08,FR
29,2025-03-18,UAE
30,2025-03-29,MA
31,2024-11-24,SA
32,2024-07-06,UAE
33,2024-05-31,SA
34,2025-03-19,MA
35,2024-10-17,SA
36,2025-04-07,FR
37,2024-06-16,SA
38,2025-01-28,UAE
39,2025-03-20,UAE
40,2025-04-22,FR
41,2024-10-08,SA
42,2025-05-24,MA
43,2024-07-13,US
44,2024-09-27,UAE
45,2025-01-06,UAE
46,2025-03-14,MA
47,2025-02-25,MA
48,2024-12-29,FR
49,2025-01-19,MA
50,2024-11-08,MA
51,2024-10-25,SA
52,2024-08-14,SA
53,2024-10-14,UAE
54,2025-04-30,FR
55,2024-08-21,MA
56,2025-05-26,FR
57,2024-07-31,MA
58,2024-07-28,UAE
59,2024-11-06,MA
60,2025-04-08,MA
61,2024-12-16,US
62,2024-08-22,MA
63,2025-02-05,MA
64,2024-12-21,US
65,2025-05-19,MA
66,2025-03-02,UAE
67,2024-10-03,FR
68,2025-05-17,FR
69,2024-09-14,FR
70,2024-09-07,MA
71,2024-12-19,US
72,2025-03-24,SA
73,2024-09-17,US
74,2025-05-11,FR
75,2024-07-09,FR
76,2025-04-15,SA
77,2024-07-01,UAE
78,2024-09-26,SA
79,2024-10-17,FR
80,2024-07-23,FR
81,2024-12-23,SA
82,2024-08-14,SA
83,2024-11-18,FR
84,2024-06-22,SA
85,2024-06-05,FR
86,2025-01-02,MA
87,2024-07-24,SA
88,2024-12-17,FR
89,2024-11-14,MA
90,2024-11-01,US
91,2024-06-28,MA
92,2024-11-01,SA
93,2025-04-19,MA
94,2024-11-03,FR
95,2024-11-30,FR
96,2025-03-13,SA
97,2024-07-22,UAE
98,2024-07-20,FR
99,2025-02-18,UAE
100,2025-05-15,UAE
101,2025-02-01,US
102,2025-03-30,SA
103,2024-06-06,SA
104,2024-09-26,FR
105,2025-01-06,MA
106,2024-07-29,FR
107,2024-06-04,MA
108,2024-07-10,MA
109,2024-07-01,MA
110,2025-03-06,US
111,2024-10-07,UAE
112,2024-06-24,MA
113,2024-08-20,US
114,2024-06-27,US
115,2024-12-18,SA
116,2024-08-11,SA
117,2025-04-01,UAE
118,2025-03-26,UAE
119,2024-12-27,SA
120,2024-08-20,FR
121,2024-11-26,SA
122,2024-08-04,US
123,2024-10-24,SA
124,2024-10-27,MA
125,2025-03-11,FR
126,2024-06-21,US
127,2024-07-07,FR
128,2025-02-08,UAE
129,2024-07-25,US
130,2024-11-25,SA
131,2025-04-11,UAE
132,2024-08-28,UAE
133,2025-02-01,FR
134,2025-05-02,FR
135,2024-08-18,FR
136,2025-02-05,SA
137,2025-04-11,SA
138,2024-12-17,UAE
139,2024-11-18,US
140,2025-04-29,MA
141,2024-07-06,FR
142,2025-01-02,MA
143,2024-11-22,FR
144,2024-09-29,MA
145,2024-12-28,SA
146,2025-01-13,FR
147,2025-05-05,SA
148,2025-01-28,MA
149,2024-06-24,US
150,2024-07-10,UAE
151,2024-08-20,UAE
152,2024-11-22,FR
153,2025-01-14,US
154,2024-09-28,UAE
155,2024-11-09,US
156,2024-06-29,MA
157,2025-01-09,US
158,2024-09-06,UAE
159,2024-12-31,UAE
160,2024-08-27,UAE
161,2024-06-12,US
162,2025-04-05,US
163,2024-09-01,US
164,2024-11-21,SA
165,2025-03-10,MA
166,2024-09-30,UAE
167,2024-06-17,UAE
168,2024-10-16,MA
169,2024-07-09,US
170,2024-11-25,US
171,2024-11-03,FR
172,2024-11-23,US
173,2025-03-02,SA
174,2024-11-25,FR
175,2024-12-07,US
176,2024-06-08,FR
177,2025-03-27,UAE
178,2024-11-20,MA
179,2024-08-28,UAE
180,2024-07-23,UAE
181,2024-10-16,MA
182,2024-09-28,UAE
183,2025-01-28,US
184,2025-01-13,MA
185,2025-01-03,UAE
186,2025-01-08,UAE
187,2024-11-06,FR
188,2024-09-05,SA
189,2024-07-28,MA
190,2025-01-05,UAE
191,2024-10-27,FR
192,2024-06-26,UAE
193,2024-11-08,FR
194,2024-12-03,US
195,2025-05-24,UAE
196,2024-07-17,MA
197,2024-07-21,UAE
198,2024-11-20,US
199,2024-08-23,UAE
200,2024-10-01,UAE
201,2024-11-08,FR
202,2025-05-11,UAE
203,2024-07-22,MA
204,2024-09-17,SA
205,2025-04-24,FR
206,2025-05-04,US
207,2024-09-10,SA
208,2024-08-27,SA
209,2024-10-22,SA
210,2025-01-15,US
211,2025-04-16,US
212,2024-09-04,MA
213,2024-06-13,SA
214,2024-08-10,FR
215,2024-07-22,UAE
216,2024-07-24,FR
217,2024-06-22,UAE
218,2024-12-26,UAE
219,2024-08-27,FR
220,2025-04-12,FR
221,2025-02-01,FR
222,2024-10-31,MA
223,2024-08-17,US
224,2024-08-31,MA
225,2024-12-13,US
226,2025-02-06,SA
227,2024-12-28,UAE
228,2025-03-08,MA
229,2024-06-01,SA
230,2024-10-06,UAE
231,2024-07-17,SA
232,2024-08-10,US
233,2024-12-17,SA
234,2024-09-11,SA
235,2025-04-17,FR
236,2025-05-11,FR
237,2024-12-30,MA
238,2024-10-10,FR
239,2024-07-18,US
240,2024-12-23,FR
241,2024-10-24,US
242,2024-11-28,SA
243,2025-03-20,UAE
244,2024-09-16,MA
245,2024-06-11,SA
246,2024-10-23,FR
247,2024-10-25,FR
248,2024-10-12,SA
249,2025-02-25,MA
250,2024-06-01,MA
251,2025-04-01,FR
252,2024-05-31,SA
253,2025-03-25,FR
254,2025-05-14,UAE
255,2025-03-01,SA
256,2024-06-11,MA
257,2025-05-17,MA
258,2025-05-01,SA
259,2025-01-13,UAE
260,2025-01-16,US
261,2024-06-10,SA
262,2024-07-17,US
263,2024-06-17,FR
264,2024-09-03,SA
265,2024-06-16,SA
266,2024-05-26,UAE
267,2025-04-04,UAE
268,2025-03-05,FR
269,2024-11-06,US
270,2024-09-06,SA
271,2025-03-21,SA
272,2025-04-22,UAE
273,2024-12-26,SA
274,2025-04-21,SA
275,2024-09-02,UAE
276,2024-07-20,SA
277,2024-07-15,UAE
278,2024-07-28,US
279,2024-11-19,FR
280,2024-10-11,FR
281,2025-02-02,FR
282,2024-07-26,MA
283,2024-10-30,FR
284,2024-07-12,UAE
285,2025-02-23,MA
286,2024-12-17,SA
287,2025-05-22,SA
288,2024-12-01,FR
289,2024-12-30,UAE
290,2025-04-02,UAE
291,2024-06-20,MA
292,2024-09-12,MA
293,2024-11-12,SA
294,2024-07-08,MA
295,2025-05-02,SA
296,2024-11-19,US
297,2024-06-24,UAE
298,2024-11-06,MA
299,2024-11-20,FR
300,2024-12-20,MA
301,2024-11-28,MA
302,2025-03-22,US
303,2025-03-27,US
304,2024-12-07,FR
305,2025-05-25,FR
306,2024-09-18,MA
307,2025-04-12,US
308,2025-02-07,MA
309,2024-09-15,FR
310,2024-09-22,MA
311,2025-04-19,SA
312,2024-11-12,US
313,2024-12-24,SA
314,2024-10-10,MA
315,2025-03-27,UAE
316,2024-05-30,UAE
317,2024-08-28,FR
318,2025-01-15,FR
319,2024-07-19,US
320,2025-03-02,MA
321,2024-08-26,FR
322,2024-08-15,US
323,2025-01-05,FR
324,2024-08-07,MA
325,2024-10-29,MA
326,2025-04-07,UAE
327,2024-06-27,US
328,2024-09-14,FR
329,2025-03-10,UAE
330,2024-06-19,FR
331,2025-02-07,FR
332,2024-12-27,FR
333,2025-02-01,UAE
334,2025-04-13,FR
335,2025-05-14,US
336,2025-02-19,UAE
337,2024-06-02,MA
338,2024-06-12,MA
339,2025-05-21,MA
340,2024-07-24,SA
341,2025-01-01,MA
342,2025-04-22,MA
343,2025-05-06,SA
344,2025-01-31,UAE
345,2025-04-06,SA
346,2025-03-19,MA
347,2025-04-02,US
348,2024-07-16,US
349,2024-08-31,UAE
350,2024-12-22,US
351,2025-01-06,SA
352,2024-08-12,FR
353,2024-06-06,FR
354,2024-08-31,MA
355,2024-08-27,US
356,2024-11-07,US
357,2025-02-19,SA
358,2025-01-02,FR
359,2024-09-03,FR
360,2025-03-29,SA
361,2024-09-25,UAE
362,2024-09-20,UAE
363,2025-01-15,FR
364,2025-04-14,FR
365,2025-05-18,UAE
366,2025-02-28,SA
367,2024-07-19,SA
368,2025-05-25,SA
369,2024-12-22,SA
370,2024-05-26,FR
371,2025-04-25,MA
372,2024-08-26,FR
373,2024-10-03,MA
374,2025-04-22,UAE
375,2024-11-21,US
376,2025-02-24,US
377,2025-05-11,SA
378,2024-07-21,US
379,2024-08-24,UAE
380,2024-09-17,FR
381,2025-04-09,FR
382,2024-05-27,FR
383,2024-08-08,FR
384,2025-01-14,UAE
385,2024-07-07,FR
386,2024-10-23,MA
387,2025-04-20,US
388,2024-11-17,FR
389,2025-05-04,MA
390,2025-03-16,US
391,2024-11-03,US
392,2025-01-22,UAE
393,2024-07-26,MA
394,2024-11-21,MA
395,2025-03-26,FR
396,2024-08-09,US
397,2025-04-07,FR
398,2024-07-17,FR
399,2024-09-04,UAE
400,2025-04-28,SA
401,2024-09-19,US
402,2024-11-18,MA
403,2024-10-23,UAE
404,2024-10-01,SA
405,2024-09-19,FR
406,2024-08-02,US
407,2024-08-21,UAE
408,2025-04-12,SA
409,2024-11-25,SA
410,2025-01-23,SA
411,2025-01-14,MA
412,2024-10-08,FR
413,2025-04-04,US
414,2024-10-16,US
415,2024-06-27,UAE
416,2024-11-25,FR
417,2024-12-31,SA
418,2024-08-06,MA
419,2025-02-07,MA
420,2024-06-21,SA
421,2024-09-30,US
422,2024-12-07,SA
423,2024-11-28,MA
424,2024-11-27,SA
425,2025-02-28,FR
426,2025-02-11,MA
427,2025-01-02,FR
428,2024-09-29,FR
429,2024-09-22,US
430,2025-04-19,SA
431,2024-08-03,UAE
432,2025-05-13,SA
433,2025-01-11,SA
434,2024-07-11,US
435,2024-12-09,MA
436,2024-11-08,SA
437,2024-11-01,FR
438,2025-05-17,MA
439,2024-12-10,UAE
440,2024-11-30,UAE
441,2024-07-07,FR
442,2024-12-24,SA
443,2024-07-16,FR
444,2025-02-16,US
445,2024-10-05,MA
446,2025-02-09,MA
447,2025-05-05,US
448,2024-06-13,US
449,2025-03-13,FR
450,2024-10-19,UAE
451,2024-12-14,US
452,2024-09-24,FR
453,2024-10-23,MA
454,2024-07-17,US
455,2024-07-04,US
456,2024-07-15,UAE
457,2024-07-01,SA
458,2025-05-08,SA
459,2024-12-09,UAE
460,2025-02-24,FR
461,2025-02-16,UAE
462,2025-04-24,UAE
463,2024-11-20,SA
464,2025-03-10,MA
465,2025-02-21,FR
466,2024-06-19,FR
467,2025-02-17,FR
468,2024-08-30,MA
469,2024-10-31,US
470,2025-02-24,FR
471,2025-01-29,US
472,2025-04-05,UAE
473,2024-07-25,FR
474,2025-01-03,UAE
475,2025-01-27,US
476,2024-09-15,US
477,2025-02-02,MA
478,2024-06-27,MA
479,2025-03-26,UAE
480,2025-02-27,UAE
481,2025-04-13,SA
482,2025-01-03,MA
483,2025-03-03,MA
484,2024-10-23,US
485,2024-12-11,MA
486,2025-04-08,US
487,2024-10-05,SA
488,2024-08-04,MA
489,2024-10-13,US
490,2024-12-12,US
491,2024-06-30,UAE
492,2024-09-24,SA
493,2024-07-03,FR
494,2024-11-13,US
495,2024-12-12,MA
496,2024-12-23,US
497,2025-02-21,MA
498,2024-10-19,FR
499,2025-02-02,UAE
500,2024-10-06,MA
501,2025-04-27,SA
502,2024-08-03,FR
503,2024-06-17,SA
504,2024-08-04,MA
505,2024-06-21,US
506,2024-08-27,UAE
507,2024-11-07,SA
508,2025-01-04,UAE
509,2024-12-28,MA
510,2025-03-22,MA
511,2024-11-12,MA
512,2024-11-23,US
513,2025-02-21,MA
514,2025-02-15,UAE
515,2024-06-22,FR
516,2024-12-14,FR
517,2025-01-21,US
518,2025-04-29,MA
519,2024-06-28,FR
520,2024-06-27,SA
521,2025-03-06,US
522,2025-03-19,FR
523,2025-02-10,SA
524,2024-11-27,MA
525,2024-12-21,US
526,2024-07-22,MA
527,2024-07-12,US
528,2025-02-05,SA
529,2025-01-26,FR
530,2024-07-14,FR
531,2025-02-19,US
532,2024-11-30,US
533,2024-08-18,FR
534,2024-08-21,US
535,2024-06-04,UAE
536,2025-03-23,MA
537,2024-08-12,US
538,2025-02-27,MA
539,2024-12-27,FR
540,2024-08-17,FR
541,2024-08-16,UAE
542,2024-09-14,SA
543,2024-06-15,SA
544,2025-01-26,US
545,2024-06-07,US
546,2024-09-03,FR
547,2024-08-20,FR
548,2024-07-09,UAE
549,2025-03-22,SA
550,2024-06-06,SA
551,2025-04-17,US
552,2025-04-04,UAE
553,2025-02-21,MA
554,2025-03-02,US
555,2025-04-30,FR
556,2025-03-19,SA
557,2025-02-13,UAE
558,2024-12-19,US
559,2025-04-23,FR
560,2024-10-23,US
561,2024-07-08,FR
562,2024-11-24,MA
563,2025-04-30,MA
564,2024-12-09,SA
565,2024-09-11,US
566,2025-05-10,US
567,2024-08-19,US
568,2025-04-19,SA
569,2025-05-18,FR
570,2025-03-08,MA
571,2024-10-03,MA
572,2025-03-05,SA
573,2024-09-06,UAE
574,2024-06-16,FR
575,2024-12-07,MA
576,2025-02-07,MA
577,2025-01-20,MA
578,2025-04-08,SA
579,2025-02-26,MA
580,2024-11-10,US
581,2025-01-18,SA
582,2024-08-20,SA
583,2025-02-22,SA
584,2025-04-11,FR
585,2024-09-28,US
586,2024-12-24,UAE
587,2024-06-04,UAE
588,2024-12-07,SA
589,2024-07-11,FR
590,2024-07-02,US
591,2025-03-09,US
592,2025-01-25,FR
593,2025-05-06,MA
594,2024-11-04,UAE
595,2024-06-10,MA
596,2025-01-08,SA
597,2024-07-27,MA
598,2025-01-09,US
599,2024-09-21,MA
600,2024-09-20,SA
601,2024-12-26,US
602,2025-02-19,UAE
603,2024-10-03,SA
604,2024-07-22,UAE
605,2025-03-17,SA
606,2025-02-23,UAE
607,2025-04-16,SA
608,2024-06-16,SA
609,2025-03-29,FR
610,2024-12-11,US
611,2024-07-17,SA
612,2024-07-11,FR
613,2024-11-01,FR
614,2024-07-25,SA
615,2024-12-13,MA
616,2024-06-25,SA
617,2024-10-17,FR
618,2025-05-10,FR
619,2025-04-01,SA
620,2024-09-05,SA
621,2024-09-11,SA
622,2024-10-08,US
623,2024-08-14,MA
624,2025-01-24,UAE
625,2025-03-29,US
626,2024-12-16,SA
627,2025-02-20,UAE
628,2024-08-27,FR
629,2024-07-14,MA
630,2025-05-15,MA
631,2024-08-10,MA
632,2024-10-11,MA
633,2025-01-11,US
634,2024-07-21,SA
635,2025-03-26,US
636,2025-05-23,FR
637,2025-03-04,FR
638,2024-11-20,UAE
639,2025-03-31,MA
640,2024-08-03,FR
641,2024-10-30,SA
642,2025-01-17,UAE
643,2025-05-24,US
644,2024-09-10,FR
645,2024-12-26,US
646,2024-08-16,MA
647,2024-11-17,UAE
648,2025-01-03,UAE
649,2024-10-11,US
650,2025-02-08,SA
651,2025-04-03,SA
652,2025-05-14,MA
653,2025-02-27,UAE
654,2024-06-19,SA
655,2024-12-27,US
656,2024-12-02,FR
657,2024-10-22,FR
658,2025-03-03,SA
659,2025-03-11,FR
660,2024-08-21,MA
661,2025-05-17,FR
662,2024-08-30,MA
663,2024-11-25,UAE
664,2024-07-25,SA
665,2024-12-05,MA
666,2024-07-23,US
667,2024-10-08,FR
668,2024-12-09,UAE
669,2024-07-03,MA
670,2024-12-15,SA
671,2024-07-05,FR
672,2024-08-06,SA
673,2024-08-28,FR
674,2024-07-05,SA
675,2025-02-17,US
676,2024-12-30,UAE
677,2024-08-19,SA
678,2024-07-13,SA
679,2025-02-12,FR
680,2025-03-07,US
681,2025-02-20,UAE
682,2024-06-23,FR
683,2025-01-28,US
684,2024-11-15,SA
685,2024-06-11,MA
686,2025-04-03,SA
687,2024-07-02,MA
688,2024-12-07,MA
689,2025-01-16,MA
690,2024-06-21,MA
691,2024-10-05,MA
692,2024-09-17,US
693,2024-07-11,FR
694,2024-10-26,MA
695,2024-07-24,SA
696,2024-09-27,SA
697,2024-09-11,SA
698,2024-12-25,MA
699,2024-11-26,MA
700,2025-01-24,SA
701,2025-03-04,FR
702,2024-08-02,FR
703,2025-01-04,MA
704,2025-04-13,FR
705,2024-06-07,UAE
706,2025-01-05,FR
707,2025-03-23,FR
708,2024-09-15,US
709,2024-09-17,MA
710,2025-05-03,UAE
711,2024-09-18,FR
712,2024-11-03,FR
713,2025-02-08,SA
714,2024-09-09,US
715,2024-12-19,SA
716,2024-07-19,FR
717,2024-11-28,FR
718,2025-01-30,FR
719,2025-05-16,SA
720,2024-06-29,US
721,2024-05-30,US
722,2024-08-27,UAE
723,2025-02-25,FR
724,2024-09-06,UAE
725,2024-06-18,US
726,2025-05-02,SA
727,2025-01-28,FR
728,2024-06-11,US
729,2024-08-04,US
730,2024-09-04,SA
731,2025-05-20,UAE
732,2024-09-05,MA
733,2025-01-19,US
734,2025-02-15,FR
735,2024-09-10,UAE
736,2025-01-20,FR
737,2024-11-21,US
738,2024-08-19,US
739,2025-02-22,MA
740,2025-02-23,FR
741,2025-03-05,MA
742,2025-04-15,MA
743,2025-03-20,MA
744,2024-09-06,FR
745,2024-09-20,FR
746,2025-05-08,FR
747,2024-10-31,US
748,2024-12-12,MA
749,2025-03-01,UAE
750,2025-05-25,US
751,2024-12-13,UAE
752,2025-04-03,MA
753,2024-10-15,MA
754,2024-12-07,US
755,2024-11-26,SA
756,2024-07-06,MA
757,2024-06-10,UAE
758,2024-06-27,FR
759,2025-04-23,UAE
760,2025-04-30,MA
761,2024-08-03,UAE
762,2024-12-18,US
763,2025-02-16,US
764,2025-05-16,MA
765,2025-04-29,US
766,2025-04-04,UAE
767,2025-04-27,US
768,2024-10-26,SA
769,2024-07-27,FR
770,2024-06-30,FR
771,2024-05-26,FR
772,2025-04-27,FR
773,2024-12-07,SA
774,2024-07-16,SA
775,2024-07-19,SA
776,2024-11-17,SA
777,2025-02-04,UAE
778,2024-09-22,FR
779,2024-09-08,SA
780,2024-10-29,UAE
781,2024-10-28,US
782,2025-04-27,UAE
783,2024-09-17,SA
784,2024-07-29,FR
785,2024-07-07,MA
786,2024-07-09,US
787,2024-12-17,SA
788,2024-07-28,MA
789,2025-01-13,MA
790,2024-06-07,US
791,2025-04-19,FR
792,2025-02-21,FR
793,2025-04-17,US
794,2024-09-03,UAE
795,2025-01-02,US
796,2025-03-03,US
797,2024-09-01,UAE
798,2024-07-27,FR
799,2025-04-24,FR
800,2025-01-28,UAE
801,2024-05-31,SA
802,2024-09-19,FR
803,2025-05-20,SA
804,2025-04-18,FR
805,2025-02-04,US
806,2024-07-09,SA
807,2024-12-12,SA
808,2025-03-15,MA
809,2025-04-06,SA
810,2024-07-30,FR
811,2025-04-01,FR
812,2025-02-03,UAE
813,2025-02-11,FR
814,2024-10-13,MA
815,2024-07-25,US
816,2024-09-28,US
817,2025-02-04,FR
818,2025-03-21,MA
819,2025-01-03,MA
820,2024-06-06,MA
821,2024-05-29,UAE
822,2024-11-23,UAE
823,2024-11-15,MA
824,2024-10-20,FR
825,2024-08-18,FR
826,2025-02-12,MA
827,2024-10-11,US
828,2024-08-23,UAE
829,2025-04-09,UAE
830,2024-12-09,UAE
831,2024-07-22,US
832,2025-05-11,SA
833,2025-02-10,US
834,2025-01-01,US
835,2024-06-08,FR
836,2024-06-30,SA
837,2024-12-09,MA
838,2024-09-17,UAE
839,2025-04-03,US
840,2024-10-01,FR
841,2024-10-09,MA
842,2024-08-27,SA
843,2025-02-08,US
844,2025-02-15,MA
845,2025-03-14,SA
846,2025-03-26,SA
847,2024-05-31,UAE
848,2024-09-21,MA
849,2024-07-31,US
850,2025-01-27,SA
851,2025-04-17,SA
852,2024-10-19,UAE
853,2024-08-21,FR
854,2025-03-08,SA
855,2024-07-16,MA
856,2024-11-25,US
857,2024-07-11,UAE
858,2025-01-23,MA
859,2024-09-05,SA
860,2024-09-09,MA
861,2024-09-14,FR
862,2024-11-20,MA
863,2025-05-09,US
864,2024-11-01,SA
865,2025-03-31,FR
866,2025-01-05,SA
867,2024-12-21,US
868,2025-01-06,MA
869,2024-09-10,US
870,2025-01-07,FR
871,2024-10-15,US
872,2024-08-14,UAE
873,2025-04-16,FR
874,2024-06-24,UAE
875,2025-01-29,UAE
876,2024-07-25,SA
877,2024-09-15,UAE
878,2024-09-28,FR
879,2024-07-22,US
880,2025-02-04,FR
881,2024-10-26,FR
882,2025-04-03,MA
883,2025-05-20,FR
884,2024-09-28,MA
885,2024-11-19,US
886,2025-05-22,MA
887,2024-11-20,UAE
888,2024-10-17,FR
889,2025-03-27,MA
890,2025-01-23,FR
891,2025-04-26,MA
892,2024-11-18,UAE
893,2024-09-13,US
894,2024-10-24,SA
895,2025-01-07,SA
896,2025-04-11,US
897,2024-06-22,US
898,2025-05-22,US
899,2025-04-24,MA
900,2025-04-08,MA
901,2024-06-25,FR
902,2025-02-14,UAE
903,2024-12-26,UAE
904,2024-06-10,UAE
905,2025-02-19,FR
906,2024-07-05,MA
907,2025-02-21,FR
908,2024-09-09,US
909,2024-11-07,US
910,2024-06-08,SA
911,2024-10-22,US
912,2024-08-01,FR
913,2025-03-12,UAE
914,2024-06-29,FR
915,2025-02-07,FR
916,2024-09-03,US
917,2024-07-06,SA
918,2025-05-19,FR
919,2024-06-12,SA
920,2025-01-19,MA
921,2024-11-25,US
922,2024-10-04,UAE
923,2024-07-10,MA
924,2024-08-28,US
925,2024-08-07,UAE
926,2024-05-28,MA
927,2025-01-01,SA
928,2024-08-22,SA
929,2024-09-14,MA
930,2024-09-03,MA
931,2024-08-15,UAE
932,2025-02-11,MA
933,2025-05-01,FR
934,2024-06-14,US
935,2024-09-16,FR
936,2025-05-22,FR
937,2024-12-26,FR
938,2025-05-18,MA
939,2025-04-06,FR
940,2025-02-24,US
941,2024-12-26,MA
942,2024-07-09,UAE
943,2024-10-03,UAE
944,2025-03-13,US
945,2024-08-04,FR
946,2024-11-18,FR
947,2025-01-30,MA
948,2024-09-28,UAE
949,2025-04-23,US
950,2024-08-09,US
951,2025-02-06,FR
952,2024-09-19,FR
953,2024-05-29,FR
954,2024-06-18,FR
955,2025-04-23,FR
956,2025-02-14,UAE
957,2024-08-30,FR
958,2024-12-12,US
959,2025-03-31,UAE
960,2024-12-26,SA
961,2025-03-14,US
962,2024-11-28,MA
963,2025-03-27,UAE
964,2025-02-06,SA
965,2025-03-31,UAE
966,2024-10-14,FR
967,2024-11-24,UAE
968,2024-06-01,FR
969,2024-07-16,MA
970,2025-01-01,US
971,2024-10-17,MA
972,2025-03-09,FR
973,2024-10-25,UAE
974,2024-06-02,FR
975,2024-08-21,SA
976,2025-03-09,UAE
977,2024-09-13,US
978,2025-02-10,SA
979,2024-12-30,US
980,2025-05-07,UAE
981,2025-02-22,US
982,2024-12-06,SA
983,2024-07-14,MA
984,2025-02-19,FR
985,2024-09-25,US
986,2024-12-15,UAE
987,2025-04-24,MA
988,2025-03-15,MA
989,2024-06-15,FR
990,2024-12-11,UAE
991,2024-11-01,US
992,2024-09-07,SA
993,2024-09-27,US
994,2024-06-04,FR
995,2025-05-12,FR
996,2025-02-09,SA
997,2025-02-03,FR
998,2024-12-27,FR
999,2025-03-28,FR
1000,2025-01-05,MA
